<?xml version="1.0" encoding="UTF-8"?>
<!DOCTYPE mapper PUBLIC "-//mybatis.org//DTD Mapper 3.0//EN"
        "http://mybatis.org/dtd/mybatis-3-mapper.dtd">
<mapper namespace="soochow.zmq.dao.mapper.TenantMapper">

    <select id="queryById" parameterType="long" resultType="Tenant">
        select * from tenant_table where t_id = #{tenantId} and is_deleted = 'N'
    </select>

    <insert id="add" parameterType="Tenant" >
        insert  into tenant_table ( t_name, t_describe, t_type, t_create_time, t_priority) values
        (#{t_name}, #{t_describe}, #{t_type}, #{t_create_time}, #{t_priority})
    </insert>

    <update id="update" parameterType="Tenant" >
        update tenant_table set t_name=#{t_name}, t_describe=#{t_describe}, t_type=#{t_type},
        t_create_time=#{t_create_time}, t_priority=#{t_priority}, is_deleted =#{is_deleted}
        where t_id = #{t_id}
    </update>
    <!--
    <update id="updateTenantDesc" parameterType="map">
        update tenant_table set t_name=#{t_name}, t_describe=#{t_describe}, t_type=#{t_type},
        t_create_time=#{t_create_time}, t_priority=#{t_priority}, is_deleted =#{is_deleted}
        where t_id = #{t_id}
    </update>
    -->

    <update id="remove" parameterType="Tenant" >
        update tenant_table set is_deleted='N' where t_id=#{t_id}
    </update>

</mapper>