<?xml version="1.0" encoding="UTF-8"?>
<!DOCTYPE mapper PUBLIC "-//mybatis.org//DTD Mapper 3.0//EN"
        "http://mybatis.org/dtd/mybatis-3-mapper.dtd">
<mapper namespace="soochow.zmq.dao.mapper.UserMapper">


    <sql id="select_columns">

    </sql>

    <!--id对应UserDAO接口方法名-->
    <!--parameterType对应参数类型-->
    <!--resultType对应返回值类型-->
    <!--注意sql语句字段和数据库对应-->
    <select id="queryById" parameterType="long" resultType="User">
        SELECT * FROM user_table WHERE u_id = #{id} and is_deleted = 'N'
    </select>

    <select id="queryByName" parameterType="java.lang.String" resultType="User">
        SELECT * FROM user_table WHERE u_name = #{name} and is_deleted = 'N'
    </select>

    <select id="queryAll" resultType="User">
        SELECT * FROM user_table WHERE is_deleted = 'N';
    </select>

    <select id="queryAccount" parameterType="java.lang.String" resultType="User">
        select * from user_table where (u_name = #{account} or u_email = #{account} or u_phone = #{account}) and is_deleted = 'N'
    </select>

    <insert id="add" parameterType="User" useGeneratedKeys="true" keyProperty="u_id" keyColumn="u_id">
        insert into user_table( owned_tenant, u_name, u_real_name, pwd, u_status, u_describe, u_phone, u_email, u_create_time, u_modified_by) values
        (#{owned_tenant}, #{u_name}, #{u_real_name}, #{pwd}, #{u_status}, #{u_describe}, #{u_phone}, #{u_email}, #{u_create_time}, #{u_modified_by})
    </insert>

    <update id="removeByUserName" parameterType="java.lang.String" >
        update user_table set is_deleted='Y' where (u_name=#{name} and is_deleted='N')
    </update>

    <update id="updateUserPwdReset" parameterType="java.util.Map">
        update user_table set u_pwd_reset_expired = #{expiredDate}, u_secret_key = #{secretKey} where u_id = #{u_id}
    </update>

    <!--有问题 -->
    <delete id="remove" parameterType="User">
        delete from user_table where u_id=#{user.getu_id()}
    </delete>
</mapper>